toolkit	row	cell	bias	forced_tile	forced_over_auto_p50	forced_over_auto_p95	internal_win	forced_over_vendor_p50	forced_over_vendor_p95	vendor_win
12.8	bf16	hot_a	false	Tc128Sm89Pipeline	0.770893544	0.772466616	true	0.848627050	0.849993519	true
12.8	bf16	hot_a	false	Tc128Sm89Swizzle	0.770422403	0.771552209	true	0.847877025	0.849386917	true
12.8	bf16	hot_a	true	Tc128Sm89Pipeline	0.775567037	0.776544907	true	0.595624467	0.596349570	true
12.8	bf16	hot_a	true	Tc128Sm89Swizzle	0.769660243	0.771598174	true	0.593274258	0.593979850	true
12.8	bf16	hot_b	false	Tc128Sm89Pipeline	0.827594805	0.866722523	true	1.455616134	1.486404004	false
12.8	bf16	hot_b	false	Tc128Sm89Swizzle	0.708822457	0.747004407	true	1.242916985	1.289439118	false
12.8	bf16	hot_b	true	Tc128Sm89Pipeline	0.831964064	0.859555961	true	1.116952377	1.128333702	false
12.8	bf16	hot_b	true	Tc128Sm89Swizzle	0.707007226	0.715423020	true	0.948892756	0.956328564	true
12.8	bf16	hot_c	false	Tc128Sm89Pipeline	0.753189507	0.759401797	true	0.715679765	0.744056152	true
12.8	bf16	hot_c	false	Tc128Sm89Swizzle	0.746924119	0.752640197	true	0.713436330	0.729882353	true
12.8	bf16	hot_c	true	Tc128Sm89Pipeline	0.758656677	0.762197071	true	0.640316749	0.667553977	true
12.8	bf16	hot_c	true	Tc128Sm89Swizzle	0.748935550	0.750000000	true	0.626466272	0.655777590	true
12.8	bf16	hot_d	false	Tc128Sm89Pipeline	0.818261585	0.819619790	true	1.209081651	1.215523081	false
12.8	bf16	hot_d	false	Tc128Sm89Swizzle	0.708825320	0.711296598	true	1.043615709	1.058606583	false
12.8	bf16	hot_d	true	Tc128Sm89Pipeline	0.824043249	0.825075620	true	0.922465638	0.926133421	true
12.8	bf16	hot_d	true	Tc128Sm89Swizzle	0.712463654	0.713213907	true	0.792223109	0.795367025	true
12.8	bf16	hot_e	false	Tc128Sm89Pipeline	0.772058046	0.772494259	true	0.884148546	0.885429888	true
12.8	bf16	hot_e	false	Tc128Sm89Swizzle	0.724291178	0.724669382	true	0.829381579	0.830445001	true
12.8	bf16	hot_e	true	Tc128Sm89Pipeline	0.772603147	0.773042934	true	0.796568568	0.798492716	true
12.8	bf16	hot_e	true	Tc128Sm89Swizzle	0.725325525	0.725777241	true	0.747926305	0.749694745	true
12.8	f16	hot_a	false	Tc128Sm89Pipeline	0.748193723	0.764505616	true	0.915305316	0.940067253	true
12.8	f16	hot_a	false	Tc128Sm89Swizzle	0.750205531	0.764337334	true	0.916552493	0.943422377	true
12.8	f16	hot_a	true	Tc128Sm89Pipeline	0.766100254	0.773859938	true	0.615671082	0.634992754	true
12.8	f16	hot_a	true	Tc128Sm89Swizzle	0.765094300	0.771123886	true	0.611151294	0.632429534	true
12.8	f16	hot_b	false	Tc128Sm89Pipeline	0.828991977	0.866736207	true	1.381578942	1.394581215	false
12.8	f16	hot_b	false	Tc128Sm89Swizzle	0.712771479	0.758452913	true	1.191477789	1.231018560	false
12.8	f16	hot_b	true	Tc128Sm89Pipeline	0.832310945	0.853680024	true	1.065083915	1.076705673	false
12.8	f16	hot_b	true	Tc128Sm89Swizzle	0.711333863	0.723354844	true	0.911092572	0.928306230	true
12.8	f16	hot_c	false	Tc128Sm89Pipeline	0.738096453	0.749006860	true	0.746201768	0.759134963	true
12.8	f16	hot_c	false	Tc128Sm89Swizzle	0.725161324	0.734352376	true	0.735151810	0.745562569	true
12.8	f16	hot_c	true	Tc128Sm89Pipeline	0.741888794	0.758260530	true	0.672077296	0.680947135	true
12.8	f16	hot_c	true	Tc128Sm89Swizzle	0.725378494	0.734353702	true	0.661593184	0.670229682	true
12.8	f16	hot_d	false	Tc128Sm89Pipeline	0.790177698	0.817780568	true	1.239170836	1.261795005	false
12.8	f16	hot_d	false	Tc128Sm89Swizzle	0.711784511	0.740369111	true	1.119450039	1.158112677	false
12.8	f16	hot_d	true	Tc128Sm89Pipeline	0.823906729	0.825954684	true	0.925318986	0.930937296	true
12.8	f16	hot_d	true	Tc128Sm89Swizzle	0.712454585	0.713518107	true	0.796454845	0.806321551	true
12.8	f16	hot_e	false	Tc128Sm89Pipeline	0.742599893	0.770737502	true	1.141805836	1.168095070	false
12.8	f16	hot_e	false	Tc128Sm89Swizzle	0.726171514	0.740900129	true	1.090387743	1.139335733	false
12.8	f16	hot_e	true	Tc128Sm89Pipeline	0.755104837	0.765482009	true	0.933417125	1.024052330	false
12.8	f16	hot_e	true	Tc128Sm89Swizzle	0.726975519	0.737886581	true	0.857102875	0.967492005	true
13.0	bf16	hot_a	false	Tc128Sm89Pipeline	0.770913562	0.772138376	true	0.848247096	0.849707982	true
13.0	bf16	hot_a	false	Tc128Sm89Swizzle	0.770185750	0.771897659	true	0.847934592	0.849449585	true
13.0	bf16	hot_a	true	Tc128Sm89Pipeline	0.775372181	0.776176399	true	0.597412839	0.598033508	true
13.0	bf16	hot_a	true	Tc128Sm89Swizzle	0.769704498	0.770628828	true	0.593426869	0.594129137	true
13.0	bf16	hot_b	false	Tc128Sm89Pipeline	0.827644342	0.876372977	true	1.456735917	1.483857147	false
13.0	bf16	hot_b	false	Tc128Sm89Swizzle	0.708415305	0.751267631	true	1.243875794	1.285082923	false
13.0	bf16	hot_b	true	Tc128Sm89Pipeline	0.831254595	0.846848655	true	1.116778185	1.126535144	false
13.0	bf16	hot_b	true	Tc128Sm89Swizzle	0.705915192	0.713860743	true	0.947285052	0.957376886	true
13.0	bf16	hot_c	false	Tc128Sm89Pipeline	0.754080906	0.758935597	true	0.720276988	0.740181710	true
13.0	bf16	hot_c	false	Tc128Sm89Swizzle	0.747864442	0.755311952	true	0.714463887	0.729990467	true
13.0	bf16	hot_c	true	Tc128Sm89Pipeline	0.758659637	0.761297358	true	0.638557179	0.665423416	true
13.0	bf16	hot_c	true	Tc128Sm89Swizzle	0.748854903	0.751042573	true	0.625261863	0.652718534	true
13.0	bf16	hot_d	false	Tc128Sm89Pipeline	0.818289917	0.820041682	true	1.209085104	1.214038713	false
13.0	bf16	hot_d	false	Tc128Sm89Swizzle	0.708854386	0.713259765	true	1.043616053	1.062641680	false
13.0	bf16	hot_d	true	Tc128Sm89Pipeline	0.823896661	0.825053320	true	0.922666725	0.926660431	true
13.0	bf16	hot_d	true	Tc128Sm89Swizzle	0.712381890	0.713081637	true	0.792223968	0.795145772	true
13.0	bf16	hot_e	false	Tc128Sm89Pipeline	0.772077097	0.772397393	true	0.884015221	0.885321882	true
13.0	bf16	hot_e	false	Tc128Sm89Swizzle	0.724318782	0.724719789	true	0.829341155	0.830717126	true
13.0	bf16	hot_e	true	Tc128Sm89Pipeline	0.772580596	0.773170453	true	0.796539820	0.798490117	true
13.0	bf16	hot_e	true	Tc128Sm89Swizzle	0.725334660	0.725798714	true	0.748039280	0.749656652	true
13.0	f16	hot_a	false	Tc128Sm89Pipeline	0.748790412	0.766554044	true	0.913853671	0.941169937	true
13.0	f16	hot_a	false	Tc128Sm89Swizzle	0.752058824	0.770580236	true	0.918354590	0.941474083	true
13.0	f16	hot_a	true	Tc128Sm89Pipeline	0.766027734	0.775868294	true	0.612444858	0.635060899	true
13.0	f16	hot_a	true	Tc128Sm89Swizzle	0.764642736	0.771281189	true	0.611272420	0.631909119	true
13.0	f16	hot_b	false	Tc128Sm89Pipeline	0.829042987	0.878897585	true	1.385952865	1.422346148	false
13.0	f16	hot_b	false	Tc128Sm89Swizzle	0.712425236	0.727522895	true	1.188058630	1.196960780	false
13.0	f16	hot_b	true	Tc128Sm89Pipeline	0.832045941	0.849247573	true	1.064516129	1.078088375	false
13.0	f16	hot_b	true	Tc128Sm89Swizzle	0.711225062	0.716241110	true	0.911703400	0.922635586	true
13.0	f16	hot_c	false	Tc128Sm89Pipeline	0.737922685	0.745883341	true	0.745636755	0.754074399	true
13.0	f16	hot_c	false	Tc128Sm89Swizzle	0.725090981	0.734668912	true	0.735161014	0.746586656	true
13.0	f16	hot_c	true	Tc128Sm89Pipeline	0.742345077	0.750222210	true	0.672418989	0.680879755	true
13.0	f16	hot_c	true	Tc128Sm89Swizzle	0.725718248	0.734961597	true	0.660684072	0.669992687	true
13.0	f16	hot_d	false	Tc128Sm89Pipeline	0.795241345	0.816812912	true	1.238769135	1.260287643	false
13.0	f16	hot_d	false	Tc128Sm89Swizzle	0.711291203	0.738013809	true	1.119614209	1.133941937	false
13.0	f16	hot_d	true	Tc128Sm89Pipeline	0.823581735	0.825787756	true	0.925844209	0.930417337	true
13.0	f16	hot_d	true	Tc128Sm89Swizzle	0.712500000	0.715271930	true	0.797112838	0.806645154	true
13.0	f16	hot_e	false	Tc128Sm89Pipeline	0.745873364	0.762518456	true	1.141391161	1.172386230	false
13.0	f16	hot_e	false	Tc128Sm89Swizzle	0.725817553	0.746775628	true	1.074350306	1.143195392	false
13.0	f16	hot_e	true	Tc128Sm89Pipeline	0.757240585	0.765232986	true	0.963306860	1.025653198	false
13.0	f16	hot_e	true	Tc128Sm89Swizzle	0.726991871	0.739707288	true	0.855797957	0.961522966	true
13.2	bf16	hot_a	false	Tc128Sm89Swizzle	1.019883521	1.021490813	false	0.873880874	0.882379655	true
13.2	bf16	hot_a	true	Tc128Sm89Swizzle	1.015628224	1.016534755	false	0.612246518	0.613009507	true
13.2	bf16	hot_b	false	Tc128Sm89Swizzle	0.904609608	0.941229388	true	1.314697905	1.346545614	false
13.2	bf16	hot_b	true	Tc128Sm89Swizzle	0.900886255	0.908969677	true	1.003401536	1.010650154	false
13.2	bf16	hot_c	false	Tc128Sm89Swizzle	1.018383446	1.021190438	false	0.750554429	0.774470189	true
13.2	bf16	hot_c	true	Tc128Sm89Swizzle	1.021823454	1.022686824	false	0.671263968	0.695554772	true
13.2	bf16	hot_d	false	Tc128Sm89Swizzle	0.907522035	0.910561644	true	1.100309966	1.108618397	false
13.2	bf16	hot_d	true	Tc128Sm89Swizzle	0.907642599	0.908418112	true	0.839454738	0.842749588	true
13.2	bf16	hot_e	false	Tc128Sm89Swizzle	0.987391117	0.988177819	true	0.881858580	0.882979166	true
13.2	bf16	hot_e	true	Tc128Sm89Swizzle	0.983786863	0.984320918	true	0.794665874	0.796060844	true
13.2	f16	hot_a	false	Tc128Sm89Swizzle	1.022870755	1.044725042	false	0.954168190	0.978838893	true
13.2	f16	hot_a	true	Tc128Sm89Swizzle	1.017702813	1.023237377	false	0.641418131	0.660218247	true
13.2	f16	hot_b	false	Tc128Sm89Swizzle	0.910471914	0.922969809	true	1.255146405	1.264303189	false
13.2	f16	hot_b	true	Tc128Sm89Swizzle	0.907511906	0.921057508	true	0.967448641	0.975933519	true
13.2	f16	hot_c	false	Tc128Sm89Swizzle	1.017787409	1.029245784	false	0.779488527	0.787753511	true
13.2	f16	hot_c	true	Tc128Sm89Swizzle	1.014962151	1.022397242	false	0.707201540	0.713980905	true
13.2	f16	hot_d	false	Tc128Sm89Swizzle	0.956535353	0.990787782	true	1.192241825	1.221151181	false
13.2	f16	hot_d	true	Tc128Sm89Swizzle	0.908063620	0.917692207	true	0.847323297	0.861344362	true
13.2	f16	hot_e	false	Tc128Sm89Swizzle	1.026568776	1.055947007	false	1.207797948	1.222659692	false
13.2	f16	hot_e	true	Tc128Sm89Swizzle	1.021795083	1.033977933	false	1.052978645	1.085622216	false
